PlenumSessionID,Number,KnessetNum,Name,StartDate,FinishDate,IsSpecialMeeting,LastUpdatedDate,voter_mk_ids
8604,340,15,ישיבת מליאה בתאריך 14/10/2002 בשעה: 15:00,1899-12-30 15:00:00,1899-12-30 19:00:00,False,2016-09-05 17:06:05,
8629,344,15,ישיבת מליאה בתאריך 21/10/2002 בשעה: 16:00,1899-12-30 16:00:00,1899-12-30 20:42:00,False,2016-09-05 17:06:05,
9893,10,16,ישיבת מליאה בתאריך 05/03/2003 בשעה: 11:00,1899-12-30 11:00:00,1899-12-30 17:53:00,False,2013-10-03 16:21:47,
10105,11,16,ישיבת מליאה בתאריך 10/03/2003 בשעה: 16:00,1899-12-30 16:00:00,1899-12-30 20:06:00,False,2013-10-03 16:21:47,
10106,12,16,ישיבת מליאה בתאריך 11/03/2003 בשעה: 16:00,1899-12-30 16:00:00,1899-12-30 20:00:00,False,2013-10-03 16:21:47,
10107,13,16,ישיבת מליאה בתאריך 12/03/2003 בשעה: 11:00,2003-03-12 11:00:00,1899-12-30 20:25:00,False,2013-10-03 16:21:47,
10480,14,16,ישיבת מליאה בתאריך 24/03/2003 בשעה: 16:00,2003-03-24 16:00:00,1899-12-30 19:03:00,False,2013-10-03 16:21:47,
10481,15,16,ישיבת מליאה בתאריך 25/03/2003 בשעה: 16:00,2003-03-25 16:00:00,1899-12-30 20:16:00,False,2013-10-03 16:21:47,
10482,16,16,ישיבת מליאה בתאריך 26/03/2003 בשעה: 11:00,2003-03-26 11:00:00,1899-12-30 23:20:00,False,2013-10-03 16:21:47,
11088,17,16,ישיבת מליאה בתאריך 30/04/2003 בשעה: 10:00,2003-04-30 10:00:00,1899-12-30 21:10:00,False,2013-10-03 16:21:47,
11153,18,16,ישיבת מליאה בתאריך 05/05/2003 בשעה: 10:00,2003-05-05 10:00:00,1899-12-30 13:22:00,False,2013-10-03 16:21:47,
125624,302,16,ישיבת מליאה בתאריך 14/12/2005 בשעה: 11:00,1899-12-30 11:00:00,1899-12-30 16:50:00,False,2013-10-03 16:21:47,"[1, 5, 7, 12, 13, 16, 19, 22, 36, 37, 43, 46, 704, 64, 194, 66, 196, 197, 65, 89, 218, 204, 206, 208, 209, 723, 725, 726, 727, 728, 217, 729, 731, 220, 92, 94, 735, 96, 222, 98, 734, 740, 737, 742, 743, 744, 105, 745, 747, 746, 749, 750, 752, 753, 114, 755, 756, 117, 758, 759, 757, 121, 123, 126]"
126379,303,16,ישיבת מליאה בתאריך 19/12/2005 בשעה: 16:00,1899-12-30 16:00:00,1899-12-30 19:50:00,False,2013-10-03 16:21:47,"[3, 7, 13, 16, 35, 36, 37, 43, 46, 50, 58, 65, 194, 197, 713, 73, 203, 206, 208, 209, 210, 724, 727, 728, 730, 92, 103, 744, 746, 747, 749, 751, 752, 753, 114, 756, 758, 759, 760]"
126380,304,16,ישיבת מליאה בתאריך 20/12/2005 בשעה: 16:00,1899-12-30 16:00:00,1899-12-30 20:10:00,False,2013-10-03 16:21:47,"[1, 5, 29, 35, 36, 43, 46, 58, 196, 201, 713, 203, 206, 208, 209, 210, 119, 222, 735, 100, 228, 743, 103, 744, 747, 748, 749, 751, 752, 112, 114, 756, 757, 758, 759, 121]"
126381,305,16,ישיבת מליאה בתאריך 21/12/2005 בשעה: 11:00,1899-12-30 11:00:00,1899-12-30 20:24:00,False,2013-10-03 16:21:47,"[1, 3, 5, 7, 9, 12, 16, 19, 22, 25, 26, 29, 35, 36, 37, 42, 212, 43, 46, 213, 50, 54, 58, 61, 63, 64, 65, 66, 69, 89, 91, 92, 94, 96, 98, 103, 105, 112, 114, 117, 119, 121, 123, 737, 126, 695, 704, 194, 196, 197, 201, 713, 203, 206, 208, 209, 210, 723, 724, 725, 726, 727, 728, 729, 217, 218, 220, 731, 734, 222, 736, 216, 738, 732, 228, 735, 230, 742, 743, 744, 746, 747, 748, 749, 750, 751, 752, 753, 755, 756, 757, 758, 759, 760]"
127823,306,16,ישיבת מליאה בתאריך 26/01/2006 בשעה: 14:00,1899-12-30 14:00:00,1899-12-30 18:30:00,False,2014-12-08 11:04:56,"[96, 1, 197, 752, 728]"
128152,307,16,ישיבת מליאה בתאריך 08/02/2006 בשעה: 15:00,1899-12-30 15:00:00,1899-12-30 18:00:00,False,2013-10-03 16:21:47,"[96, 65, 36, 70, 9, 713, 12, 206, 16, 19, 758, 728, 121, 122, 763]"
128332,308,16,ישיבת מליאה בתאריך 13/02/2006 בשעה: 16:00,1899-12-30 16:00:00,1899-12-30 19:50:00,False,2013-10-03 16:21:47,"[9, 12, 19, 35, 36, 50, 54, 697, 61, 63, 64, 65, 194, 196, 201, 73, 203, 77, 206, 209, 210, 213, 725, 726, 727, 728, 730, 731, 92, 90, 222, 735, 100, 228, 742, 103, 743, 744, 230, 747, 749, 750, 751, 112, 753, 114, 755, 759, 761, 762, 763]"
128672,309,16,ישיבת מליאה בתאריך 22/02/2006 בשעה: 14:00,1899-12-30 14:00:00,1899-12-30 18:30:00,False,2013-10-03 16:21:47,"[1, 5, 7, 9, 16, 19, 156, 35, 36, 37, 46, 695, 697, 58, 61, 63, 704, 65, 66, 194, 70, 713, 201, 203, 204, 717, 205, 206, 715, 209, 210, 723, 724, 725, 726, 727, 728, 213, 730, 91, 92, 119, 90, 223, 96, 731, 734, 126, 228, 741, 122, 743, 103, 227, 747, 750, 751, 752, 73, 114, 755, 753, 761, 735, 759, 121, 762, 763, 764, 766]"
128986,310,16,ישיבת מליאה בתאריך 01/03/2006 בשעה: 12:00,1899-12-30 12:00:00,1899-12-30 16:30:00,False,2013-10-03 16:21:47,"[1, 7, 9, 12, 19, 35, 36, 46, 50, 695, 63, 65, 196, 73, 713, 715, 77, 206, 209, 210, 723, 724, 726, 727, 216, 119, 91, 92, 222, 734, 735, 98, 228, 742, 743, 744, 745, 103, 747, 749, 750, 751, 112, 752, 114, 753, 756, 759, 121, 762, 763, 766]"
129232,311,16,ישיבת מליאה בתאריך 08/03/2006 בשעה: 16:00,1899-12-30 16:00:00,1899-12-30 18:20:00,False,2013-10-23 16:05:01,
130039,1,17,ישיבת מליאה בתאריך 17/04/2006 בשעה: 16:00,2006-04-17 16:00:00,1899-12-30 17:20:00,False,2013-10-03 16:21:47,
130091,2,17,ישיבת מליאה בתאריך 17/04/2006 בשעה: 18:00,2006-04-17 18:00:00,1899-12-30 19:00:00,False,2013-10-03 16:21:47,
130146,3,17,ישיבת מליאה בתאריך 24/04/2006 בשעה: 11:00,2006-04-24 11:00:00,1899-12-30 15:10:00,False,2013-10-03 16:21:47,"[768, 771, 772, 773, 774, 776, 12, 782, 784, 788, 58, 704, 65, 66, 204, 206, 208, 89, 91, 731, 94, 752, 123, 127, 767]"
130148,4,17,ישיבת מליאה בתאריך 26/04/2006 בשעה: 11:00,2006-04-26 11:00:00,1899-12-30 15:40:00,False,2013-10-03 16:21:47,
131247,5,17,ישיבת מליאה בתאריך 04/05/2006 בשעה: 12:00,1899-12-30 12:00:00,1899-12-30 21:30:00,False,2013-10-03 16:21:47,
131737,6,17,ישיבת מליאה בתאריך 08/05/2006 בשעה: 14:00,2006-05-08 14:00:00,1899-12-30 21:20:00,False,2013-10-03 16:21:47,
131738,7,17,ישיבת מליאה בתאריך 09/05/2006 בשעה: 15:00,1899-12-30 15:00:00,1899-12-30 18:10:00,False,2013-10-03 16:21:47,
131739,8,17,ישיבת מליאה בתאריך 10/05/2006 בשעה: 11:02,2006-05-10 11:02:00,1899-12-30 14:30:00,False,2013-10-03 16:21:47,
132638,9,17,ישיבת מליאה בתאריך 15/05/2006 בשעה: 16:00,1899-12-30 16:00:00,1899-12-30 18:00:00,False,2013-10-03 16:21:47,
132640,10,17,ישיבת מליאה בתאריך 16/05/2006 בשעה: 16:00,2006-05-16 16:00:00,1899-12-30 18:50:00,False,2013-10-03 16:21:47,"[194, 66, 35, 780, 78, 784, 216]"
132641,11,17,ישיבת מליאה בתאריך 17/05/2006 בשעה: 11:00,1899-12-30 11:00:00,1899-12-30 18:00:00,False,2013-10-03 16:21:47,
134267,12,17,ישיבת מליאה בתאריך 22/05/2006 בשעה: 16:00,1899-12-30 16:00:00,1899-12-30 20:00:00,False,2013-10-03 16:21:47,
134268,13,17,ישיבת מליאה בתאריך 23/05/2006 בשעה: 16:00,1899-12-30 16:00:00,1899-12-30 18:30:00,False,2013-10-03 16:21:47,"[768, 769, 772, 5, 774, 7, 8, 9, 777, 773, 780, 12, 781, 782, 784, 785, 778, 790, 793, 799, 802, 804, 43, 695, 704, 66, 713, 203, 717, 78, 206, 210, 724, 725, 89, 730, 731, 220, 92, 94, 751, 114, 756, 758, 121, 764, 127]"
134269,14,17,ישיבת מליאה בתאריך 24/05/2006 בשעה: 11:00,2006-05-24 11:00:00,1899-12-30 17:40:00,False,2013-10-03 16:21:47,"[768, 769, 772, 5, 773, 7, 774, 777, 778, 12, 13, 780, 784, 785, 18, 786, 787, 789, 767, 788, 792, 793, 25, 790, 30, 799, 798, 801, 802, 804, 45, 46, 50, 58, 66, 69, 197, 201, 713, 203, 73, 717, 78, 206, 204, 208, 210, 724, 725, 731, 220, 92, 734, 223, 94, 741, 751, 752, 114, 756, 764, 127]"
135725,16,17,ישיבת מליאה בתאריך 30/05/2006 בשעה: 16:00,1899-12-30 16:00:00,1899-12-30 19:50:00,False,2013-10-03 16:21:47,
135728,15,17,ישיבת מליאה בתאריך 29/05/2006 בשעה: 16:00,1899-12-30 16:00:00,1899-12-30 19:00:00,False,2013-10-03 16:21:47,
135729,17,17,ישיבת מליאה בתאריך 31/05/2006 בשעה: 11:00,1899-12-30 11:00:00,1899-12-30 22:10:00,False,2013-10-03 16:21:47,"[769, 770, 774, 776, 9, 778, 12, 780, 13, 784, 785, 18, 789, 790, 799, 803, 804, 46, 695, 704, 194, 66, 73, 203, 204, 206, 208, 727, 728, 89, 92, 220, 752, 114, 756, 757, 764]"
137105,18,17,ישיבת מליאה בתאריך 05/06/2006 בשעה: 16:00,2006-06-05 16:00:00,1899-12-30 22:50:00,False,2013-10-03 16:21:47,
137106,19,17,ישיבת מליאה בתאריך 06/06/2006 בשעה: 09:00,1899-12-30 09:00:00,1899-12-30 21:10:00,False,2013-10-03 16:21:47,"[3, 5, 7, 8, 9, 13, 16, 18, 25, 29, 30, 35, 42, 43, 45, 50, 58, 63, 64, 65, 66, 69, 70, 78, 89, 90, 91, 92, 94, 96, 100, 103, 104, 105, 114, 115, 122, 123, 127, 695, 704, 197, 203, 204, 717, 206, 208, 210, 724, 725, 213, 727, 216, 730, 731, 220, 734, 222, 735, 740, 741, 751, 752, 756, 758, 767, 769, 770, 771, 772, 773, 774, 776, 777, 778, 779, 780, 782, 783, 784, 785, 786, 787, 788, 789, 790, 791, 792, 793, 795, 796, 797, 798, 799, 800, 802, 803, 804]"
137107,20,17,ישיבת מליאה בתאריך 07/06/2006 בשעה: 09:00,1899-12-30 09:00:00,1899-12-30 20:10:00,False,2013-10-03 16:21:47,"[3, 5, 7, 8, 13, 16, 18, 25, 29, 30, 35, 42, 43, 45, 50, 58, 63, 64, 65, 66, 69, 70, 78, 89, 90, 92, 94, 96, 100, 103, 104, 105, 112, 114, 115, 119, 122, 123, 127, 695, 697, 704, 197, 203, 204, 717, 206, 210, 724, 213, 725, 727, 728, 216, 730, 731, 220, 222, 735, 223, 734, 741, 752, 756, 757, 758, 767, 768, 769, 770, 771, 772, 773, 774, 776, 778, 779, 780, 782, 783, 784, 787, 788, 789, 791, 792, 793, 795, 796, 797, 798, 799, 800, 802, 803, 804]"
138490,21,17,ישיבת מליאה בתאריך 12/06/2006 בשעה: 16:00,2006-06-12 16:00:00,1899-12-30 21:00:00,False,2013-10-03 16:21:47,"[7, 8, 12, 13, 18, 20, 30, 46, 50, 58, 64, 65, 66, 69, 70, 73, 78, 89, 90, 91, 94, 96, 100, 104, 105, 112, 114, 115, 119, 123, 695, 697, 704, 194, 197, 201, 713, 203, 717, 206, 208, 210, 724, 725, 727, 728, 731, 220, 222, 223, 734, 740, 741, 751, 752, 756, 757, 758, 767, 768, 769, 771, 772, 773, 774, 776, 778, 779, 780, 782, 784, 787, 788, 791, 793, 794, 795, 796, 797, 798, 799, 800, 801, 802, 803]"
138491,22,17,ישיבת מליאה בתאריך 13/06/2006 בשעה: 16:00,1899-12-30 16:00:00,1899-12-30 20:10:00,False,2013-10-03 16:21:47,
138492,23,17,ישיבת מליאה בתאריך 14/06/2006 בשעה: 11:00,1899-12-30 11:00:00,1899-12-30 18:10:00,False,2013-10-03 16:21:47,
140084,24,17,ישיבת מליאה בתאריך 19/06/2006 בשעה: 16:00,1899-12-30 16:00:00,1899-12-30 21:30:00,False,2013-10-03 16:21:47,
140085,25,17,ישיבת מליאה בתאריך 20/06/2006 בשעה: 16:00,2006-06-20 16:00:00,1899-12-30 18:50:00,False,2013-10-03 16:21:47,
140086,26,17,ישיבת מליאה בתאריך 21/06/2006 בשעה: 11:00,1899-12-30 11:00:00,1899-12-30 17:30:00,False,2013-10-03 16:21:47,
141891,27,17,ישיבת מליאה בתאריך 26/06/2006 בשעה: 16:00,1899-12-30 16:00:00,1899-12-30 21:00:00,False,2013-10-03 16:21:47,
141892,28,17,ישיבת מליאה בתאריך 27/06/2006 בשעה: 16:00,1899-12-30 16:00:00,1899-12-30 19:20:00,False,2013-10-03 16:21:47,"[768, 769, 770, 3, 772, 771, 774, 7, 8, 9, 777, 779, 12, 781, 782, 13, 784, 785, 18, 16, 788, 20, 787, 791, 789, 793, 794, 795, 5, 29, 30, 799, 798, 801, 802, 803, 35, 46, 50, 695, 58, 63, 65, 194, 66, 69, 713, 73, 203, 715, 717, 78, 206, 201, 724, 213, 214, 725, 216, 89, 90, 91, 220, 731, 94, 222, 223, 734, 92, 741, 104, 752, 114, 756, 757, 758, 119, 127, 767]"
141894,29,17,ישיבת מליאה בתאריך 28/06/2006 בשעה: 11:00,1899-12-30 11:00:00,1899-12-30 20:50:00,False,2013-10-03 16:21:47,"[5, 7, 9, 12, 13, 18, 30, 35, 46, 50, 58, 63, 65, 66, 69, 70, 73, 78, 89, 90, 91, 92, 100, 103, 112, 114, 115, 119, 122, 127, 695, 697, 194, 197, 201, 713, 203, 715, 206, 208, 724, 725, 214, 728, 216, 731, 220, 734, 223, 222, 741, 751, 752, 756, 757, 758, 767, 768, 769, 770, 771, 772, 774, 777, 778, 779, 780, 783, 784, 785, 786, 787, 788, 789, 790, 791, 793, 795, 797, 798, 799, 800, 801, 802, 803, 804]"
142691,30,17,ישיבת מליאה בתאריך 03/07/2006 בשעה: 16:00,1899-12-30 16:00:00,1899-12-30 21:40:00,False,2013-10-03 16:21:47,"[3, 5, 7, 8, 12, 13, 16, 18, 20, 25, 29, 30, 35, 42, 46, 50, 58, 63, 64, 65, 66, 70, 89, 90, 91, 92, 96, 100, 104, 112, 114, 115, 119, 122, 123, 127, 697, 194, 197, 713, 201, 204, 717, 206, 208, 210, 724, 725, 214, 727, 728, 730, 731, 220, 222, 734, 223, 740, 751, 752, 756, 757, 758, 764, 767, 768, 769, 770, 771, 772, 773, 774, 776, 777, 778, 779, 780, 781, 782, 784, 785, 786, 787, 788, 789, 790, 791, 792, 793, 794, 795, 796, 797, 798, 799, 800, 801, 803, 804]"
142692,31,17,ישיבת מליאה בתאריך 04/07/2006 בשעה: 16:00,2006-07-04 16:00:00,1899-12-30 20:00:00,False,2013-10-03 16:21:47,"[768, 769, 772, 774, 776, 777, 778, 779, 780, 13, 782, 784, 786, 18, 788, 789, 790, 795, 29, 798, 799, 800, 803, 43, 697, 66, 201, 73, 203, 717, 206, 78, 208, 727, 216, 89, 728, 222, 103, 752, 114, 115, 757, 758]"
142693,32,17,ישיבת מליאה בתאריך 05/07/2006 בשעה: 11:00,1899-12-30 11:00:00,1899-12-30 21:40:00,False,2013-10-03 16:21:47,"[5, 7, 8, 12, 13, 16, 18, 20, 29, 30, 35, 43, 46, 50, 58, 63, 64, 65, 66, 69, 70, 73, 78, 89, 90, 91, 92, 94, 96, 100, 103, 104, 112, 114, 115, 119, 123, 127, 695, 697, 194, 197, 201, 713, 203, 715, 717, 206, 208, 720, 210, 724, 725, 214, 727, 728, 216, 220, 734, 223, 222, 735, 740, 752, 756, 757, 758, 764, 767, 768, 769, 770, 772, 773, 774, 776, 777, 778, 779, 780, 781, 782, 783, 784, 786, 787, 790, 791, 792, 793, 794, 795, 796, 797, 798, 799, 801, 803]"
143890,33,17,ישיבת מליאה בתאריך 10/07/2006 בשעה: 16:00,1899-12-30 16:00:00,1899-12-30 22:50:00,False,2013-10-03 16:21:47,"[3, 5, 7, 8, 12, 13, 16, 18, 29, 35, 42, 43, 46, 58, 64, 65, 66, 69, 70, 73, 78, 89, 90, 91, 92, 94, 96, 105, 112, 114, 115, 119, 123, 127, 695, 697, 704, 194, 197, 201, 713, 715, 204, 717, 203, 206, 208, 720, 210, 724, 725, 214, 213, 216, 727, 728, 731, 730, 734, 223, 222, 735, 740, 741, 751, 752, 757, 758, 764, 767, 768, 769, 770, 771, 773, 774, 776, 777, 779, 780, 781, 782, 783, 784, 785, 787, 788, 789, 790, 792, 793, 794, 795, 797, 798, 799, 800, 802, 803, 804]"
143892,34,17,ישיבת מליאה בתאריך 11/07/2006 בשעה: 16:00,2006-07-11 16:00:00,1899-12-30 19:10:00,False,2013-10-03 16:21:47,"[768, 769, 770, 772, 773, 774, 7, 8, 777, 779, 13, 782, 784, 785, 786, 787, 788, 793, 795, 29, 798, 30, 803, 35, 43, 46, 704, 65, 69, 206, 720, 724, 725, 727, 728, 89, 222, 751, 752, 114, 756, 764]"
143893,35,17,ישיבת מליאה בתאריך 12/07/2006 בשעה: 11:00,2006-07-12 11:00:00,1899-12-30 19:30:00,False,2013-10-03 16:21:47,"[5, 7, 8, 12, 13, 16, 18, 25, 29, 30, 35, 43, 46, 63, 64, 65, 66, 69, 70, 73, 78, 89, 90, 91, 92, 94, 96, 100, 104, 112, 114, 115, 119, 122, 123, 127, 695, 697, 704, 194, 197, 713, 201, 715, 203, 717, 206, 204, 208, 720, 210, 724, 725, 214, 727, 728, 216, 730, 731, 220, 222, 223, 734, 735, 740, 741, 751, 752, 756, 757, 758, 764, 767, 768, 769, 770, 771, 772, 773, 774, 776, 777, 778, 779, 780, 781, 782, 783, 784, 785, 786, 787, 788, 789, 790, 791, 792, 793, 795, 796, 797, 798, 799, 800, 801, 802, 803, 804]"
144847,36,17,ישיבת מליאה בתאריך 17/07/2006 בשעה: 16:00,1899-12-30 16:00:00,1899-12-30 21:20:00,False,2013-10-03 16:21:47,"[3, 5, 7, 8, 12, 13, 16, 18, 25, 30, 35, 46, 50, 58, 63, 65, 73, 78, 89, 90, 91, 92, 94, 104, 105, 112, 114, 115, 119, 123, 127, 695, 704, 194, 197, 201, 713, 715, 203, 717, 206, 208, 210, 724, 213, 725, 727, 728, 730, 220, 223, 740, 741, 751, 752, 756, 757, 764, 767, 768, 769, 770, 771, 772, 773, 774, 776, 777, 778, 779, 780, 782, 783, 784, 785, 786, 787, 788, 789, 790, 792, 793, 795, 798, 799, 800, 801, 802, 803]"
144848,37,17,ישיבת מליאה בתאריך 18/07/2006 בשעה: 16:00,1899-12-30 16:00:00,1899-12-30 19:40:00,False,2013-10-03 16:21:47,"[769, 772, 5, 774, 7, 8, 777, 773, 780, 13, 782, 783, 784, 786, 787, 788, 790, 792, 795, 797, 798, 799, 30, 802, 35, 803, 42, 43, 704, 65, 194, 73, 715, 717, 78, 206, 208, 725, 727, 89, 220, 734, 735, 94, 741, 103, 752, 114, 756, 764, 767]"
144849,38,17,ישיבת מליאה בתאריך 19/07/2006 בשעה: 11:00,1899-12-30 11:00:00,1899-12-30 18:50:00,False,2013-10-03 16:21:47,"[3, 5, 7, 8, 9, 12, 13, 18, 20, 25, 29, 30, 35, 42, 45, 46, 50, 58, 63, 64, 65, 69, 70, 73, 78, 89, 90, 91, 92, 94, 96, 100, 103, 104, 112, 114, 115, 119, 121, 122, 123, 127, 695, 697, 704, 194, 197, 713, 201, 203, 204, 717, 206, 715, 208, 724, 725, 214, 727, 728, 730, 731, 220, 222, 735, 223, 734, 740, 741, 751, 752, 756, 757, 764, 767, 768, 769, 770, 772, 773, 774, 776, 777, 778, 779, 780, 781, 782, 783, 784, 785, 786, 787, 788, 789, 790, 792, 794, 795, 796, 797, 798, 799, 800, 801, 802, 803]"
145604,39,17,ישיבת מליאה בתאריך 25/07/2006 בשעה: 11:00,2006-07-25 11:00:00,1899-12-30 16:12:00,True,2013-10-03 16:21:47,"[768, 769, 770, 772, 773, 774, 7, 8, 9, 777, 776, 780, 784, 785, 18, 787, 767, 789, 786, 790, 792, 793, 795, 798, 799, 30, 801, 35, 803, 804, 46, 704, 66, 194, 197, 70, 713, 201, 203, 204, 73, 208, 724, 725, 727, 728, 89, 90, 91, 220, 731, 223, 751, 752, 114, 756, 127]"
146024,40,17,ישיבת מליאה בתאריך 31/07/2006 בשעה: 11:00,1899-12-30 11:00:00,1899-12-30 23:30:00,False,2013-10-03 16:21:47,"[768, 769, 772, 773, 774, 5, 7, 777, 778, 776, 780, 782, 784, 785, 18, 787, 788, 786, 790, 792, 793, 796, 797, 798, 799, 30, 801, 803, 804, 46, 695, 697, 58, 63, 704, 194, 66, 201, 73, 203, 204, 713, 206, 208, 210, 724, 725, 727, 728, 89, 90, 91, 220, 730, 734, 92, 94, 216, 103, 127, 751, 752, 114, 756, 121, 764, 767]"
146444,41,17,ישיבת מליאה בתאריך 08/08/2006 בשעה: 11:00,2006-08-08 11:00:00,1899-12-30 15:50:00,False,2013-10-03 16:21:47,"[772, 5, 774, 7, 777, 778, 12, 781, 780, 782, 784, 785, 18, 787, 786, 790, 793, 795, 30, 799, 798, 803, 804, 35, 43, 46, 695, 66, 194, 69, 70, 197, 201, 713, 203, 73, 717, 206, 78, 724, 725, 214, 727, 728, 91, 731, 92, 735, 752, 114, 767]"
146716,42,17,ישיבת מליאה בתאריך 14/08/2006 בשעה: 16:00,1899-12-30 16:00:00,1899-12-30 20:40:00,False,2013-10-03 16:21:47,"[768, 770, 773, 774, 5, 8, 777, 776, 780, 13, 782, 784, 786, 18, 789, 793, 798, 799, 803, 64, 65, 194, 66, 197, 713, 203, 206, 725, 727, 216, 91, 222, 740, 741, 751, 114, 764]"
157346,21,1,ישיבת מליאה בתאריך 06/04/1949 בשעה: 00:00:00,1949-04-06 00:00:00,,,2014-08-17 15:12:51,
157356,38,1,ישיבת מליאה בתאריך 06/06/1949 בשעה: 00:00:00,1949-06-06 00:00:00,,,2014-08-17 15:12:53,
157360,42,1,ישיבת מליאה בתאריך 14/06/1949 בשעה: 00:00:00,1949-06-14 00:00:00,,,2014-08-17 15:12:51,
157361,43,1,ישיבת מליאה בתאריך 15/06/1949 בשעה: 00:00:00,1949-06-15 00:00:00,,,2014-08-17 15:12:51,
157362,45,1,ישיבת מליאה בתאריך 21/06/1949 בשעה: 00:00:00,1949-06-21 00:00:00,,,2014-08-17 15:12:53,
157363,46,1,ישיבת מליאה בתאריך 22/06/1949 בשעה: 00:00:00,1949-06-22 00:00:00,,,2014-08-17 15:12:51,
157364,47,1,ישיבת מליאה בתאריך 27/06/1949 בשעה: 00:00:00,1949-06-27 00:00:00,,,2014-08-17 15:12:51,
482888,,11,ישיבת מליאה בתאריך 28/11/1988 בשעה: 00:00:00,1988-11-28 00:00:00,,,2014-08-17 15:12:52,
482889,,11,ישיבת מליאה בתאריך 28/11/1988 בשעה: 00:00:00,1988-11-28 00:00:00,,,2014-08-17 15:12:52,
482890,,13,ישיבת מליאה בתאריך 03/09/1984 בשעה: 00:00:00,1984-09-03 00:00:00,,,2014-08-17 15:12:52,
482891,,12,ישיבת מליאה בתאריך 26/11/1985 בשעה: 00:00:00,1985-11-26 00:00:00,,,2014-08-17 15:12:52,
482897,191,10,ישיבת מליאה בתאריך 22/03/1983 בשעה: 00:00:00,1983-03-22 00:00:00,,,2014-08-17 15:12:52,
482898,243,11,ישיבת מליאה בתאריך 11/09/1986 בשעה: 00:00:00,1986-09-11 00:00:00,,,2014-08-17 15:12:52,
482899,408,11,ישיבת מליאה בתאריך 23/02/1988 בשעה: 00:00:00,1988-02-23 00:00:00,,,2014-08-17 15:12:52,
482900,445,11,ישיבת מליאה בתאריך 14/06/1988 בשעה: 00:00:00,1988-06-14 00:00:00,,,2014-08-17 15:12:52,
482901,143,14,ישיבת מליאה בתאריך 12/11/1997 בשעה: 00:00:00,1997-11-12 00:00:00,,,2014-08-17 15:12:52,
482902,138,15,ישיבת מליאה בתאריך 31/07/2000 בשעה: 00:00:00,2000-07-31 00:00:00,,,2014-08-17 15:12:52,
482903,212,12,ישיבת מליאה בתאריך 26/09/1990 בשעה: 00:00:00,1990-09-26 00:00:00,,,2014-08-17 15:12:52,
482904,213,12,ישיבת מליאה בתאריך 26/09/1990 בשעה: 00:00:00,1990-09-26 00:00:00,,,2014-08-17 15:12:52,
482905,101,12,ישיבת מליאה בתאריך 11/10/1989 בשעה: 00:00:00,1989-10-11 00:00:00,,,2014-08-17 15:12:52,
482906,264,13,ישיבת מליאה בתאריך 27/10/1994 בשעה: 00:00:00,1994-10-27 00:00:00,,,2014-08-17 15:12:52,
482907,210,12,ישיבת מליאה בתאריך 12/09/1990 בשעה: 00:00:00,1990-09-12 00:00:00,,,2014-08-17 15:12:52,
482908,97,12,ישיבת מליאה בתאריך 04/09/1989 בשעה: 00:00:00,1989-09-04 00:00:00,,,2014-08-17 15:12:52,
482909,118,10,ישיבת מליאה בתאריך 12/08/1982 בשעה: 00:00:00,1982-08-12 00:00:00,,,2014-08-17 15:12:52,
482911,238,11,ישיבת מליאה בתאריך 03/09/1986 בשעה: 00:00:00,1986-09-03 00:00:00,,,2014-08-17 15:12:52,
482912,239,11,ישיבת מליאה בתאריך 03/09/1986 בשעה: 00:00:00,1986-09-03 00:00:00,,,2014-08-17 15:12:52,
483018,240,11,ישיבת מליאה בתאריך 03/09/1986 בשעה: 00:00:00,1986-09-03 00:00:00,,,2014-08-17 15:12:53,
483224,30,19,ישיבת מליאה בתאריך 21/05/2013 בשעה: 16:00,2013-05-21 16:00:00,2013-05-21 18:40:00,False,2015-03-17 19:57:35,"[837, 872, 905, 877, 206, 784, 818, 723, 886, 889, 862]"
483225,31,19,ישיבת מליאה בתאריך 22/05/2013 בשעה: 11:00,2013-05-22 11:00:00,2013-05-22 19:40:00,False,2015-03-17 20:07:35,"[7, 20, 35, 41, 45, 50, 63, 64, 65, 69, 70, 77, 78, 92, 103, 105, 114, 122, 197, 200, 201, 713, 206, 720, 210, 723, 212, 725, 213, 214, 734, 222, 739, 740, 751, 780, 781, 784, 789, 790, 793, 797, 800, 814, 818, 823, 826, 828, 830, 831, 832, 835, 837, 839, 842, 843, 844, 845, 846, 859, 860, 861, 862, 863, 864, 867, 868, 869, 871, 872, 873, 874, 875, 876, 877, 878, 879, 880, 881, 882, 883, 884, 885, 886, 887, 888, 889, 890, 891, 892, 893, 894, 895, 896, 898, 899, 900, 901, 903, 904, 905]"
483437,32,19,ישיבת מליאה בתאריך 27/05/2013 בשעה: 16:00,2013-05-27 16:00:00,2013-05-27 18:20:00,False,2015-03-17 20:10:50,
483724,33,19,ישיבת מליאה בתאריך 28/05/2013 בשעה: 16:00,2013-05-28 16:00:00,2013-05-28 17:30:00,False,2015-03-17 20:12:52,"[896, 866, 872, 844, 877, 784, 114, 885]"
483746,34,19,ישיבת מליאה בתאריך 29/05/2013 בשעה: 11:00,2013-05-29 11:00:00,2013-05-29 20:20:00,False,2015-03-17 20:07:44,"[1, 7, 35, 45, 50, 65, 69, 77, 78, 90, 92, 103, 114, 695, 197, 200, 713, 201, 206, 208, 720, 210, 212, 216, 222, 739, 740, 751, 754, 780, 782, 784, 789, 790, 793, 797, 800, 805, 814, 818, 826, 830, 835, 837, 842, 843, 844, 846, 859, 861, 862, 863, 864, 866, 867, 869, 870, 871, 872, 873, 874, 875, 876, 877, 879, 880, 881, 882, 883, 884, 885, 886, 887, 888, 889, 890, 891, 892, 893, 894, 895, 896, 898, 899, 900, 901, 902, 903, 904, 905]"
483959,35,19,ישיבת מליאה בתאריך 03/06/2013 בשעה: 16:00,2013-06-03 16:00:00,2013-06-04 02:00:00,False,2015-03-17 20:14:06,"[1, 7, 20, 35, 41, 45, 50, 63, 64, 65, 69, 70, 77, 90, 92, 103, 105, 114, 119, 122, 695, 197, 200, 713, 201, 206, 208, 720, 210, 723, 212, 725, 214, 216, 222, 739, 740, 751, 756, 768, 780, 782, 784, 789, 793, 797, 800, 805, 814, 818, 823, 825, 826, 830, 831, 832, 835, 837, 839, 842, 843, 844, 846, 857, 859, 861, 862, 863, 864, 865, 866, 867, 868, 869, 870, 871, 872, 873, 874, 875, 876, 878, 879, 880, 881, 882, 883, 884, 885, 886, 887, 888, 889, 890, 891, 892, 893, 894, 895, 897, 898, 899, 900, 901, 902, 903, 904, 905]"
484240,36,19,ישיבת מליאה בתאריך 04/06/2013 בשעה: 16:00,2013-06-04 16:00:00,2013-06-04 18:10:00,False,2015-03-17 19:55:53,"[898, 740, 872, 105, 780, 844, 45, 784, 114, 754, 890, 892]"
484241,37,19,ישיבת מליאה בתאריך 05/06/2013 בשעה: 11:00,2013-06-05 11:00:00,2013-06-05 19:10:00,False,2015-03-17 19:56:03,"[1, 7, 20, 35, 41, 45, 50, 63, 64, 65, 69, 70, 77, 78, 90, 92, 103, 105, 114, 119, 122, 695, 200, 201, 713, 206, 208, 720, 210, 723, 212, 216, 222, 734, 739, 740, 751, 754, 756, 780, 782, 784, 790, 791, 797, 800, 805, 814, 823, 825, 826, 828, 830, 831, 837, 839, 842, 843, 844, 845, 846, 857, 859, 861, 862, 863, 864, 865, 866, 867, 868, 870, 871, 872, 873, 874, 875, 876, 878, 879, 880, 881, 882, 883, 884, 885, 886, 887, 888, 889, 890, 891, 892, 893, 894, 895, 896, 897, 898, 899, 900, 901, 902, 903, 904, 905]"
484419,38,19,ישיבת מליאה בתאריך 10/06/2013 בשעה: 16:00,2013-06-10 16:00:00,2013-06-11 04:30:00,True,2015-03-17 20:26:07,"[1, 7, 35, 41, 50, 65, 70, 77, 78, 90, 92, 103, 105, 114, 119, 122, 695, 197, 200, 201, 713, 206, 208, 210, 723, 212, 213, 214, 725, 216, 734, 739, 740, 751, 756, 780, 782, 784, 789, 790, 791, 793, 797, 800, 805, 814, 818, 823, 825, 826, 828, 830, 831, 832, 837, 839, 842, 843, 844, 845, 846, 857, 859, 861, 862, 863, 864, 865, 866, 867, 868, 869, 870, 871, 872, 873, 874, 875, 876, 877, 878, 879, 880, 881, 882, 883, 884, 885, 886, 889, 890, 891, 892, 893, 894, 895, 896, 897, 898, 899, 900, 901, 902, 903, 904, 905]"
484723,39,19,ישיבת מליאה בתאריך 11/06/2013 בשעה: 16:00,2013-06-11 16:00:00,2013-06-11 17:50:00,False,2015-03-17 20:07:16,
484735,40,19,ישיבת מליאה בתאריך 12/06/2013 בשעה: 11:00,2013-06-12 11:00:00,2013-06-12 16:30:00,False,2015-03-17 20:13:01,"[7, 35, 50, 64, 65, 69, 77, 78, 92, 103, 105, 114, 119, 122, 197, 200, 713, 206, 208, 723, 213, 216, 734, 739, 740, 754, 780, 782, 784, 790, 793, 797, 805, 814, 818, 825, 826, 830, 831, 832, 837, 839, 842, 843, 844, 857, 859, 861, 862, 863, 865, 866, 867, 868, 869, 870, 871, 872, 873, 874, 875, 876, 877, 878, 879, 880, 881, 882, 883, 884, 885, 888, 889, 890, 891, 892, 893, 894, 895, 896, 897, 898, 899, 900, 901, 902, 903, 904, 905]"
484920,41,19,ישיבת מליאה בתאריך 17/06/2013 בשעה: 16:00,2013-06-17 16:00:00,2013-06-18 01:20:00,False,2015-03-17 20:09:54,"[1, 7, 20, 35, 41, 45, 50, 63, 65, 69, 70, 77, 78, 90, 92, 105, 114, 122, 695, 197, 200, 713, 201, 206, 720, 210, 212, 213, 214, 216, 734, 739, 740, 751, 754, 756, 768, 780, 782, 789, 790, 791, 793, 797, 800, 814, 818, 825, 826, 828, 830, 831, 835, 837, 839, 842, 843, 844, 845, 846, 857, 859, 861, 862, 863, 864, 865, 866, 867, 868, 869, 870, 871, 872, 873, 874, 875, 876, 877, 878, 879, 880, 881, 882, 883, 884, 885, 889, 890, 891, 892, 893, 894, 895, 896, 897, 898, 899, 901, 902, 904, 905]"
484986,42,19,ישיבת מליאה בתאריך 18/06/2013 בשעה: 16:00,2013-06-18 16:00:00,2013-06-18 18:20:00,False,2015-03-17 20:08:39,"[1, 899, 905, 780, 782, 784, 789, 814, 839, 200, 844, 78, 859, 865, 866, 867, 740, 872, 877, 751, 879, 880, 114, 883, 888, 889]"
484990,43,19,ישיבת מליאה בתאריך 19/06/2013 בשעה: 11:00,2013-06-19 11:00:00,2013-06-19 18:50:00,False,2015-03-17 20:14:15,"[1, 7, 35, 41, 45, 50, 65, 69, 70, 77, 78, 92, 105, 114, 119, 695, 200, 201, 713, 206, 210, 213, 725, 216, 734, 222, 739, 740, 751, 754, 756, 768, 780, 782, 784, 790, 791, 793, 800, 814, 818, 823, 825, 826, 828, 830, 832, 835, 837, 842, 843, 844, 845, 846, 857, 859, 862, 863, 864, 865, 866, 867, 868, 869, 870, 871, 872, 873, 874, 875, 876, 877, 878, 879, 880, 881, 882, 883, 884, 885, 888, 889, 890, 891, 892, 893, 894, 895, 896, 897, 898, 899, 901, 902, 903, 904, 905]"
485419,44,19,ישיבת מליאה בתאריך 24/06/2013 בשעה: 16:00,2013-06-24 16:00:00,2013-06-24 22:40:00,False,2015-03-17 19:57:44,"[1, 7, 20, 35, 41, 45, 50, 64, 69, 70, 77, 90, 92, 103, 105, 114, 119, 122, 197, 200, 201, 206, 208, 720, 210, 212, 725, 216, 222, 734, 739, 740, 754, 756, 780, 781, 782, 789, 793, 797, 800, 805, 814, 818, 823, 826, 828, 830, 831, 832, 835, 837, 842, 843, 844, 845, 846, 857, 859, 861, 862, 863, 864, 865, 866, 867, 868, 869, 870, 871, 872, 873, 874, 875, 876, 877, 878, 879, 880, 881, 882, 883, 884, 885, 886, 887, 888, 889, 890, 892, 893, 894, 895, 896, 897, 898, 899, 900, 901, 902, 904, 905]"
485713,45,19,ישיבת מליאה בתאריך 25/06/2013 בשעה: 16:00,2013-06-25 16:00:00,2013-06-25 18:20:00,False,2015-03-17 20:09:07,"[897, 905, 782, 784, 805, 814, 826, 197, 837, 844, 846, 740, 869, 872, 877, 879, 114, 883, 886, 888, 889, 892, 894]"
485727,46,19,ישיבת מליאה בתאריך 26/06/2013 בשעה: 11:00,2013-06-26 11:00:00,2013-06-26 17:10:00,False,2015-03-17 20:24:16,"[1, 7, 35, 41, 45, 50, 64, 69, 70, 77, 90, 92, 103, 105, 114, 119, 122, 197, 200, 201, 713, 206, 210, 723, 212, 725, 213, 214, 216, 734, 222, 739, 740, 751, 754, 756, 768, 781, 782, 784, 789, 797, 805, 814, 818, 823, 825, 826, 828, 830, 832, 835, 837, 839, 843, 844, 845, 846, 859, 862, 863, 864, 865, 866, 867, 868, 869, 870, 871, 872, 873, 874, 875, 876, 877, 878, 879, 880, 881, 882, 883, 884, 885, 886, 887, 888, 889, 890, 892, 893, 894, 895, 896, 897, 898, 899, 900, 901, 902, 903, 904, 905]"
485904,47,19,ישיבת מליאה בתאריך 01/07/2013 בשעה: 16:00,2013-07-01 16:00:00,2013-07-01 23:00:00,False,2015-03-17 20:11:28,"[1, 7, 20, 35, 45, 50, 64, 65, 69, 70, 77, 78, 90, 92, 103, 105, 114, 119, 122, 695, 197, 200, 713, 201, 206, 208, 210, 723, 212, 213, 725, 216, 222, 734, 739, 740, 751, 754, 768, 780, 781, 782, 784, 789, 790, 793, 800, 805, 814, 818, 823, 825, 826, 828, 830, 831, 832, 835, 837, 839, 842, 843, 844, 845, 857, 859, 861, 862, 863, 864, 865, 866, 867, 868, 869, 870, 871, 872, 873, 874, 875, 876, 878, 879, 880, 881, 882, 883, 884, 886, 887, 888, 889, 890, 891, 892, 893, 894, 895, 896, 897, 898, 899, 900, 901, 902, 903, 904, 905]"
486269,48,19,ישיבת מליאה בתאריך 02/07/2013 בשעה: 16:00,2013-07-02 16:00:00,2013-07-02 19:20:00,False,2015-03-17 19:57:53,
486270,49,19,ישיבת מליאה בתאריך 03/07/2013 בשעה: 11:00,2013-07-03 11:00:00,2013-07-03 18:40:00,False,2015-03-17 19:58:02,"[1, 7, 45, 50, 64, 65, 70, 77, 78, 103, 114, 119, 122, 200, 201, 713, 206, 210, 723, 212, 213, 222, 734, 739, 740, 751, 754, 756, 768, 780, 781, 782, 784, 790, 791, 793, 797, 800, 805, 814, 818, 823, 825, 826, 828, 830, 831, 832, 835, 837, 839, 842, 843, 845, 859, 861, 862, 863, 864, 865, 866, 867, 868, 869, 871, 872, 873, 874, 875, 876, 877, 878, 879, 881, 882, 883, 884, 885, 886, 887, 888, 889, 891, 892, 893, 894, 895, 896, 897, 898, 899, 900, 901, 902, 904, 905]"
486483,50,19,ישיבת מליאה בתאריך 08/07/2013 בשעה: 16:00,2013-07-08 16:00:00,2013-07-08 23:00:00,False,2015-03-17 20:01:32,"[1, 7, 20, 35, 41, 45, 50, 63, 64, 65, 69, 70, 77, 78, 90, 92, 103, 105, 114, 119, 122, 695, 197, 200, 713, 201, 206, 208, 720, 210, 723, 213, 214, 725, 216, 222, 739, 740, 751, 754, 756, 768, 780, 782, 784, 789, 790, 793, 797, 805, 814, 818, 823, 825, 826, 828, 830, 831, 832, 835, 837, 839, 842, 843, 844, 846, 859, 861, 862, 863, 865, 866, 867, 868, 869, 870, 871, 872, 873, 874, 875, 876, 877, 878, 879, 880, 881, 882, 883, 884, 885, 886, 887, 888, 889, 890, 891, 892, 893, 894, 895, 896, 897, 899, 900, 901, 902, 904, 905]"
486484,51,19,ישיבת מליאה בתאריך 09/07/2013 בשעה: 16:00,2013-07-09 16:00:00,2013-07-09 19:40:00,False,2015-03-17 20:01:41,"[896, 1, 899, 7, 780, 782, 784, 814, 826, 64, 837, 70, 206, 212, 859, 862, 865, 866, 869, 872, 105, 876, 751, 114, 754, 883, 119, 889, 890, 892]"
486485,52,19,ישיבת מליאה בתאריך 10/07/2013 בשעה: 11:00,2013-07-10 11:00:00,2013-07-10 17:50:00,False,2015-03-17 20:11:37,"[1, 7, 35, 41, 45, 50, 64, 65, 69, 70, 77, 78, 90, 92, 103, 114, 119, 122, 695, 197, 200, 201, 713, 206, 208, 720, 210, 723, 725, 213, 216, 222, 734, 739, 740, 751, 756, 768, 780, 781, 782, 784, 789, 790, 791, 793, 797, 800, 805, 814, 818, 825, 826, 828, 830, 831, 832, 837, 839, 842, 843, 844, 859, 860, 861, 862, 863, 865, 866, 867, 868, 869, 870, 871, 872, 873, 874, 875, 876, 877, 879, 880, 881, 882, 883, 884, 885, 886, 887, 888, 889, 890, 891, 892, 893, 894, 895, 896, 897, 898, 899, 900, 901, 904, 905]"
487231,53,19,ישיבת מליאה בתאריך 15/07/2013 בשעה: 11:00,2013-07-15 11:00:00,2013-07-15 12:40:00,False,2015-03-17 20:07:53,"[896, 1, 768, 898, 899, 901, 902, 900, 904, 897, 780, 782, 784, 20, 869, 790, 797, 35, 872, 814, 818, 695, 823, 825, 826, 828, 830, 64, 835, 69, 70, 839, 200, 201, 713, 843, 77, 206, 78, 845, 210, 723, 212, 213, 214, 725, 216, 90, 859, 861, 222, 862, 734, 865, 864, 739, 740, 863, 870, 103, 871, 105, 873, 868, 874, 875, 878, 751, 880, 879, 754, 882, 876, 877, 886, 887, 888, 889, 890, 891, 122, 893, 894, 895]"
487239,54,19,ישיבת מליאה בתאריך 17/07/2013 בשעה: 11:00,2013-07-17 11:00:00,2013-07-17 19:30:00,False,2015-03-17 20:18:43,"[1, 20, 35, 41, 50, 63, 64, 65, 69, 70, 77, 78, 90, 92, 103, 105, 114, 119, 122, 695, 197, 200, 201, 713, 206, 208, 720, 210, 723, 212, 213, 725, 216, 734, 222, 739, 740, 751, 754, 756, 768, 780, 781, 782, 784, 789, 790, 791, 793, 797, 805, 814, 818, 823, 825, 826, 828, 830, 831, 832, 835, 837, 839, 842, 843, 844, 845, 846, 857, 859, 861, 862, 863, 864, 865, 866, 868, 869, 870, 871, 872, 873, 874, 875, 876, 877, 878, 879, 880, 881, 882, 883, 884, 885, 886, 888, 889, 890, 891, 892, 893, 894, 895, 896, 897, 898, 899, 900, 901, 902, 904, 905]"
487763,55,19,ישיבת מליאה בתאריך 22/07/2013 בשעה: 16:00,2013-07-22 16:00:00,2013-07-23 05:30:00,False,2015-03-17 20:11:47,"[1, 7, 20, 35, 41, 45, 50, 63, 64, 65, 69, 70, 78, 90, 92, 103, 105, 114, 119, 122, 695, 197, 200, 201, 713, 206, 720, 208, 210, 723, 213, 214, 725, 216, 222, 734, 740, 751, 754, 756, 768, 780, 781, 782, 784, 790, 791, 793, 797, 800, 805, 814, 818, 823, 825, 826, 828, 830, 831, 832, 835, 837, 839, 842, 843, 844, 845, 859, 861, 862, 863, 864, 865, 866, 867, 868, 869, 870, 871, 872, 873, 874, 875, 876, 877, 878, 879, 880, 881, 882, 883, 884, 885, 886, 887, 888, 889, 890, 891, 892, 893, 894, 895, 896, 897, 898, 899, 900, 901, 902, 904, 905]"
491143,372,9,ישיבת מליאה בתאריך 22/10/1980 בשעה: 00:00:00,1980-10-22 00:00:00,,,2014-08-17 15:12:53,
491144,384,9,ישיבת מליאה בתאריך 19/11/1980 בשעה: 00:00:00,1980-11-19 00:00:00,,,2014-08-17 15:12:53,
491145,387,9,ישיבת מליאה בתאריך 26/11/1980 בשעה: 00:00:00,1980-11-26 00:00:00,,,2014-08-17 15:12:53,
491146,400,9,ישיבת מליאה בתאריך 29/12/1980 בשעה: 00:00:00,1980-12-29 00:00:00,,,2014-08-17 15:12:53,
491147,401,9,ישיבת מליאה בתאריך 30/12/1980 בשעה: 00:00:00,1980-12-30 00:00:00,,,2014-08-17 15:12:53,
491148,405,9,ישיבת מליאה בתאריך 07/01/1981 בשעה: 00:00:00,1981-01-07 00:00:00,,,2014-08-17 15:12:53,
491149,410,9,ישיבת מליאה בתאריך 20/01/1981 בשעה: 00:00:00,1981-01-20 00:00:00,,,2014-08-17 15:12:53,
491150,425,9,ישיבת מליאה בתאריך 24/02/1981 בשעה: 00:00:00,1981-02-24 00:00:00,,,2014-08-17 15:12:53,
491151,448,9,ישיבת מליאה בתאריך 03/06/1981 בשעה: 00:00:00,1981-06-03 00:00:00,,,2014-08-17 15:12:53,
540149,61,19,ישיבת מליאה בתאריך 28/08/2013 בשעה: 14:00,2013-08-28 14:00:00,2013-08-28 16:20:00,False,2015-03-17 20:05:24,
540730,62,19,ישיבת מליאה בתאריך 14/10/2013 בשעה: 16:00,2013-10-14 16:00:00,2013-10-14 22:10:00,False,2015-03-17 20:22:25,"[1, 7, 20, 35, 45, 50, 63, 64, 65, 69, 70, 77, 78, 90, 92, 105, 114, 119, 695, 200, 201, 206, 720, 210, 213, 214, 725, 734, 222, 739, 751, 754, 780, 781, 782, 784, 791, 793, 797, 805, 814, 818, 823, 825, 826, 828, 830, 831, 832, 835, 839, 845, 859, 860, 862, 863, 864, 865, 866, 867, 868, 869, 870, 871, 872, 873, 875, 876, 877, 878, 879, 880, 881, 884, 885, 887, 888, 889, 890, 891, 892, 893, 894, 895, 896, 897, 898, 899, 900, 901, 902, 903, 904, 905]"
541124,63,19,ישיבת מליאה בתאריך 15/10/2013 בשעה: 15:00,2013-10-15 15:00:00,2013-10-15 17:20:00,False,2015-03-17 20:08:03,"[896, 1, 899, 905, 780, 784, 818, 826, 64, 70, 200, 201, 845, 206, 859, 865, 872, 873, 876, 877, 879, 880, 890]"
541127,64,19,ישיבת מליאה בתאריך 16/10/2013 בשעה: 11:00,2013-10-16 11:00:00,2013-10-16 13:30:00,False,2016-09-05 17:06:05,"[898, 899, 902, 905, 780, 784, 790, 814, 818, 50, 830, 206, 723, 119, 859, 865, 739, 872, 751, 880, 114, 754, 886, 887]"
541139,65,19,ישיבת מליאה בתאריך 16/10/2013 בשעה: 17:00,2013-10-16 17:00:00,2013-10-16 18:20:00,True,2016-09-05 17:06:05,
541348,66,19,ישיבת מליאה בתאריך 21/10/2013 בשעה: 16:00,2013-10-21 16:00:00,2013-10-21 18:40:00,False,2015-03-17 20:08:12,"[1, 45, 50, 64, 65, 69, 70, 77, 78, 90, 92, 114, 119, 122, 200, 201, 713, 206, 720, 208, 723, 213, 214, 216, 222, 739, 740, 754, 768, 780, 782, 784, 790, 791, 793, 797, 800, 818, 823, 825, 826, 828, 830, 831, 837, 845, 857, 859, 860, 862, 863, 864, 865, 868, 869, 870, 871, 872, 873, 875, 876, 877, 878, 879, 880, 881, 882, 883, 886, 887, 889, 890, 891, 892, 893, 894, 895, 896, 897, 898, 899, 900, 901, 902, 903, 904, 905]"
541524,67,19,ישיבת מליאה בתאריך 22/10/2013 בשעה: 16:00,2013-10-22 16:00:00,2013-10-22 16:40:00,False,2015-03-17 20:03:39,"[1, 899, 77, 208, 818, 119, 890]"
541537,68,19,ישיבת מליאה בתאריך 23/10/2013 בשעה: 11:00,2013-10-23 11:00:00,2013-10-23 15:50:00,False,2015-03-17 20:06:39,"[896, 898, 899, 900, 901, 903, 904, 905, 780, 781, 784, 790, 791, 793, 35, 805, 814, 50, 818, 825, 826, 64, 837, 70, 197, 200, 713, 845, 78, 206, 77, 210, 213, 214, 216, 859, 92, 860, 734, 863, 862, 222, 866, 739, 864, 870, 122, 872, 873, 874, 875, 876, 877, 751, 879, 880, 114, 883, 884, 754, 119, 889, 890, 893]"
541664,69,19,ישיבת מליאה בתאריך 28/10/2013 בשעה: 16:00,2013-10-28 16:00:00,2013-10-28 21:50:00,False,2015-03-17 20:15:20,"[1, 7, 35, 41, 45, 63, 64, 65, 69, 70, 77, 90, 92, 103, 114, 122, 200, 713, 201, 206, 208, 720, 210, 723, 213, 725, 222, 734, 739, 751, 754, 756, 768, 780, 782, 784, 790, 791, 793, 797, 805, 814, 818, 823, 826, 828, 830, 831, 832, 835, 837, 842, 843, 844, 845, 846, 857, 859, 860, 861, 862, 863, 864, 866, 869, 870, 871, 872, 873, 874, 875, 876, 877, 879, 880, 881, 882, 883, 888, 889, 890, 891, 892, 893, 894, 895, 896, 897, 898, 899, 900, 901, 903, 904, 905]"
541891,70,19,ישיבת מליאה בתאריך 29/10/2013 בשעה: 16:00,2013-10-29 16:00:00,2013-10-29 19:50:00,False,2015-03-17 19:58:11,"[903, 780, 784, 814, 825, 826, 837, 200, 845, 206, 723, 861, 865, 869, 872, 883, 888, 889, 893, 894, 895]"
541951,71,19,ישיבת מליאה בתאריך 30/10/2013 בשעה: 11:00,2013-10-30 11:00:00,2013-10-30 18:00:00,False,2015-03-17 20:13:10,"[1, 7, 35, 45, 50, 64, 65, 69, 70, 77, 78, 90, 92, 103, 114, 119, 122, 695, 197, 200, 206, 208, 720, 210, 723, 212, 213, 725, 734, 222, 739, 751, 754, 756, 768, 780, 782, 784, 789, 790, 791, 793, 797, 800, 805, 814, 818, 825, 826, 828, 830, 831, 832, 835, 837, 839, 842, 843, 844, 845, 846, 857, 859, 860, 861, 862, 863, 864, 866, 867, 869, 870, 871, 872, 873, 874, 876, 877, 879, 880, 881, 882, 883, 884, 886, 888, 889, 890, 891, 892, 893, 895, 896, 897, 898, 899, 900, 901, 903, 904, 905]"
542071,72,19,ישיבת מליאה בתאריך 04/11/2013 בשעה: 16:00,2013-11-04 16:00:00,2013-11-04 20:50:00,False,2015-03-17 20:05:33,"[1, 35, 41, 50, 64, 65, 69, 70, 78, 90, 92, 105, 114, 119, 122, 695, 197, 200, 201, 206, 208, 720, 210, 723, 212, 213, 214, 725, 216, 222, 739, 754, 768, 780, 781, 782, 784, 790, 791, 793, 797, 800, 805, 814, 818, 823, 825, 826, 828, 831, 832, 835, 837, 839, 842, 843, 844, 845, 846, 857, 859, 860, 861, 862, 863, 864, 866, 867, 868, 869, 871, 872, 873, 874, 876, 877, 878, 879, 880, 881, 883, 885, 886, 887, 888, 889, 891, 892, 893, 894, 895, 896, 897, 898, 899, 900, 901, 904, 905]"
542382,73,19,ישיבת מליאה בתאריך 05/11/2013 בשעה: 16:00,2013-11-05 16:00:00,2013-11-05 18:10:00,False,2015-03-17 19:58:20,
542415,74,19,ישיבת מליאה בתאריך 06/11/2013 בשעה: 11:00,2013-11-06 11:00:00,2013-11-06 16:10:00,False,2015-03-17 20:10:03,"[1, 7, 35, 50, 63, 64, 65, 70, 77, 78, 103, 105, 114, 119, 122, 200, 713, 201, 206, 208, 720, 210, 212, 725, 216, 222, 740, 754, 756, 768, 780, 784, 789, 790, 791, 793, 797, 800, 805, 814, 825, 826, 830, 831, 832, 835, 837, 839, 842, 843, 844, 845, 846, 859, 860, 861, 864, 869, 871, 873, 874, 877, 879, 880, 882, 883, 884, 885, 886, 887, 888, 889, 890, 891, 892, 893, 894, 895, 896, 897, 898, 899, 900, 903, 904, 905]"
542555,75,19,ישיבת מליאה בתאריך 11/11/2013 בשעה: 16:00,2013-11-11 16:00:00,2013-11-11 20:30:00,False,2015-03-17 19:58:29,"[1, 7, 20, 35, 41, 45, 50, 64, 65, 69, 70, 78, 90, 92, 103, 105, 114, 122, 695, 200, 201, 713, 206, 208, 720, 210, 213, 214, 725, 216, 734, 739, 740, 751, 754, 756, 768, 780, 781, 782, 784, 789, 790, 791, 793, 800, 805, 814, 823, 825, 826, 828, 830, 831, 832, 835, 837, 839, 843, 845, 846, 857, 859, 860, 861, 864, 865, 866, 867, 868, 869, 870, 871, 873, 874, 875, 876, 877, 878, 879, 881, 883, 884, 885, 887, 888, 889, 891, 892, 893, 895, 896, 897, 898, 899, 900, 901, 902, 903, 904, 905]"
542712,76,19,ישיבת מליאה בתאריך 12/11/2013 בשעה: 16:00,2013-11-12 16:00:00,2013-11-12 18:30:00,False,2015-03-17 20:09:16,"[899, 7, 780, 784, 814, 826, 832, 837, 200, 206, 846, 208, 857, 860, 861, 865, 739, 867, 873, 874, 876, 877, 751, 883, 885, 891, 892]"
542787,77,19,ישיבת מליאה בתאריך 13/11/2013 בשעה: 11:00,2013-11-13 11:00:00,2013-11-13 19:10:00,False,2015-03-17 20:25:02,"[1, 20, 35, 41, 45, 50, 64, 65, 70, 78, 90, 92, 103, 105, 114, 122, 695, 200, 201, 206, 208, 720, 210, 212, 213, 214, 725, 216, 734, 739, 740, 751, 754, 756, 768, 780, 782, 784, 790, 791, 793, 797, 814, 818, 823, 825, 826, 830, 831, 832, 835, 837, 839, 843, 844, 845, 846, 857, 859, 860, 861, 862, 863, 865, 866, 867, 868, 869, 870, 871, 873, 874, 875, 876, 877, 878, 879, 880, 881, 882, 883, 884, 885, 887, 888, 889, 890, 891, 892, 893, 894, 895, 896, 897, 898, 899, 900, 901, 902, 903, 905]"
2072767,357,20,ישיבת מליאה בתאריך 11/07/2018 בשעה 11:00,2018-07-11 11:00:00,2018-07-11 22:00:00,False,2018-07-12 14:59:41,"[1, 14, 35, 45, 50, 64, 69, 78, 92, 105, 695, 708, 200, 713, 208, 212, 213, 216, 222, 734, 740, 230, 751, 754, 756, 768, 771, 772, 780, 793, 814, 818, 826, 830, 832, 837, 839, 844, 854, 857, 860, 861, 862, 863, 864, 865, 866, 868, 871, 873, 874, 875, 876, 878, 879, 881, 888, 895, 896, 897, 899, 900, 901, 903, 904, 905, 906, 910, 911, 912, 913, 914, 915, 916, 917, 918, 919, 921, 922, 923, 926, 927, 929, 931, 932, 933, 934, 935, 936, 938, 939, 941, 942, 943, 944, 945, 946, 948, 950, 951, 952, 953, 955, 956, 957, 958, 959, 960, 963, 970]"
2073132,358,20,ישיבת מליאה בתאריך 16/07/2018 בשעה 16:00,2018-07-16 16:00:00,2018-07-17 07:00:00,False,2018-07-17 17:10:50,"[1, 14, 35, 45, 50, 64, 69, 78, 90, 92, 105, 695, 708, 200, 713, 208, 723, 213, 222, 734, 740, 230, 751, 754, 756, 768, 771, 772, 780, 782, 793, 814, 818, 826, 830, 831, 832, 837, 839, 844, 846, 854, 857, 860, 861, 862, 863, 864, 865, 866, 868, 871, 873, 874, 875, 876, 878, 879, 881, 888, 895, 896, 897, 899, 900, 901, 903, 904, 905, 906, 910, 911, 912, 913, 914, 915, 916, 917, 918, 919, 921, 922, 923, 926, 927, 928, 929, 931, 932, 933, 934, 935, 936, 938, 939, 941, 942, 943, 944, 945, 946, 948, 950, 951, 952, 953, 955, 956, 957, 958, 959, 960, 963, 968, 970]"
2073133,359,20,ישיבת מליאה בתאריך 17/07/2018 בשעה 16:00,2018-07-17 16:00:00,,False,2018-07-19 01:32:26,"[1, 14, 35, 45, 50, 64, 69, 78, 90, 92, 105, 695, 708, 200, 713, 208, 723, 212, 213, 216, 222, 734, 740, 230, 751, 754, 756, 768, 771, 772, 780, 782, 793, 814, 818, 826, 830, 831, 832, 837, 839, 844, 846, 854, 857, 860, 861, 862, 863, 864, 865, 866, 868, 871, 873, 874, 875, 876, 878, 879, 881, 888, 895, 896, 897, 899, 900, 901, 903, 904, 905, 906, 910, 911, 912, 913, 914, 915, 916, 917, 918, 919, 921, 922, 923, 924, 926, 927, 928, 929, 931, 932, 933, 934, 935, 936, 938, 939, 941, 942, 943, 944, 945, 946, 948, 950, 951, 952, 953, 955, 956, 957, 958, 959, 960, 962, 963, 968, 970]"
2073134,360,20,ישיבת מליאה בתאריך 18/07/2018 בשעה 10:00,2018-07-18 10:00:00,,False,2018-07-17 15:19:44,
2073133,359,20,ישיבת מליאה בתאריך 17/07/2018 בשעה 16:00,2018-07-17 16:00:00,2018-07-19 04:30:00,False,2018-07-19 14:42:50,"[1, 14, 35, 45, 50, 64, 69, 78, 90, 92, 105, 695, 708, 200, 713, 208, 723, 212, 213, 216, 222, 734, 740, 230, 751, 754, 756, 768, 771, 772, 780, 782, 793, 814, 818, 826, 830, 831, 832, 837, 839, 844, 846, 854, 857, 860, 861, 862, 863, 864, 865, 866, 868, 871, 873, 874, 875, 876, 878, 879, 881, 888, 895, 896, 897, 899, 900, 901, 903, 904, 905, 906, 910, 911, 912, 913, 914, 915, 916, 917, 918, 919, 921, 922, 923, 924, 926, 927, 928, 929, 931, 932, 933, 934, 935, 936, 938, 939, 941, 942, 943, 944, 945, 946, 948, 950, 951, 952, 953, 955, 956, 957, 958, 959, 960, 962, 963, 968, 970]"
2073133,359,20,ישיבת מליאה בתאריך 17/07/2018 בשעה 16:00,2018-07-17 16:00:00,2018-07-19 04:30:00,False,2018-07-26 14:19:56,"[1, 14, 35, 45, 50, 64, 69, 78, 90, 92, 105, 695, 708, 200, 713, 208, 723, 212, 213, 216, 222, 734, 740, 230, 751, 754, 756, 768, 771, 772, 780, 782, 793, 814, 818, 826, 830, 831, 832, 837, 839, 844, 846, 854, 857, 860, 861, 862, 863, 864, 865, 866, 868, 871, 873, 874, 875, 876, 878, 879, 881, 888, 895, 896, 897, 899, 900, 901, 903, 904, 905, 906, 910, 911, 912, 913, 914, 915, 916, 917, 918, 919, 921, 922, 923, 924, 926, 927, 928, 929, 931, 932, 933, 934, 935, 936, 938, 939, 941, 942, 943, 944, 945, 946, 948, 950, 951, 952, 953, 955, 956, 957, 958, 959, 960, 962, 963, 968, 970]"
2073133,359,20,ישיבת מליאה בתאריך 17/07/2018 בשעה 16:00,2018-07-17 16:00:00,2018-07-19 04:30:00,False,2018-07-29 09:39:30,"[1, 14, 35, 45, 50, 64, 69, 78, 90, 92, 105, 695, 708, 200, 713, 208, 723, 212, 213, 216, 222, 734, 740, 230, 751, 754, 756, 768, 771, 772, 780, 782, 793, 814, 818, 826, 830, 831, 832, 837, 839, 844, 846, 854, 857, 860, 861, 862, 863, 864, 865, 866, 868, 871, 873, 874, 875, 876, 878, 879, 881, 888, 895, 896, 897, 899, 900, 901, 903, 904, 905, 906, 910, 911, 912, 913, 914, 915, 916, 917, 918, 919, 921, 922, 923, 924, 926, 927, 928, 929, 931, 932, 933, 934, 935, 936, 938, 939, 941, 942, 943, 944, 945, 946, 948, 950, 951, 952, 953, 955, 956, 957, 958, 959, 960, 962, 963, 968, 970]"
2072765,355,20,ישיבת מליאה בתאריך 09/07/2018 בשעה 16:00,2018-07-09 16:00:00,2018-07-10 05:00:00,False,2018-08-06 14:32:05,"[1, 14, 35, 45, 50, 64, 69, 78, 92, 105, 695, 708, 200, 713, 208, 212, 213, 216, 734, 222, 740, 230, 751, 754, 756, 768, 771, 780, 782, 793, 814, 818, 826, 832, 837, 839, 844, 846, 854, 857, 860, 861, 862, 863, 864, 865, 866, 868, 871, 873, 874, 875, 876, 879, 881, 888, 895, 896, 897, 899, 900, 901, 903, 905, 906, 910, 911, 912, 913, 914, 915, 916, 917, 919, 922, 923, 926, 927, 929, 931, 932, 933, 934, 935, 936, 939, 941, 942, 943, 944, 945, 946, 948, 950, 951, 952, 953, 955, 956, 957, 958, 959, 960, 963, 968, 970]"
2073132,358,20,ישיבת מליאה בתאריך 16/07/2018 בשעה 16:00,2018-07-16 16:00:00,2018-07-17 07:00:00,False,2018-08-06 14:37:54,"[1, 14, 35, 45, 50, 64, 69, 78, 90, 92, 105, 695, 708, 200, 713, 208, 723, 213, 222, 734, 740, 230, 751, 754, 756, 768, 771, 772, 780, 782, 793, 814, 818, 826, 830, 831, 832, 837, 839, 844, 846, 854, 857, 860, 861, 862, 863, 864, 865, 866, 868, 871, 873, 874, 875, 876, 878, 879, 881, 888, 895, 896, 897, 899, 900, 901, 903, 904, 905, 906, 910, 911, 912, 913, 914, 915, 916, 917, 918, 919, 921, 922, 923, 926, 927, 928, 929, 931, 932, 933, 934, 935, 936, 938, 939, 941, 942, 943, 944, 945, 946, 948, 950, 951, 952, 953, 955, 956, 957, 958, 959, 960, 963, 968, 970]"
2073980,361,20,ישיבת מליאה בתאריך 08/08/2018 בשעה 12:00,2018-08-08 12:00:00,2018-08-08 15:00:00,False,2018-08-08 15:32:05,
2073134,360,20,ישיבת מליאה בתאריך 18/07/2018 בשעה 10:00,2018-07-18 10:00:00,,False,2018-08-09 13:55:06,
2073980,361,20,ישיבת מליאה בתאריך 08/08/2018 בשעה 12:00,2018-08-08 12:00:00,2018-08-08 15:00:00,False,2018-08-09 13:51:28,
